"AD";"ENTSO-E"
"AD";"Europe without NORDEL (NCPA)"
"AD";"Europe without Switzerland"
"AD";"Europe without Switzerland and France"
"AD";"Europe, without Russia and Turkey"
"AD";"RER"
"AD";"RER w/o AT+BE+CH+DE+FR+IT"
"AD";"RER w/o CH+DE"
"AD";"RER w/o DE+NL+NO"
"AD";"RER w/o DE+NL+NO+RU"
"AD";"RER w/o DE+NL+RU"
"AD";"UCTE"
"AD";"UCTE without France"
"AD";"UCTE without Germany"
"AD";"UCTE without Germany and France"
"AD";"UN-EUROPE"
"AD";"UN-SEUROPE"
"AE";"Asia without China"
"AE";"IAI Area 8, Gulf"
"AE";"RAS"
"AE";"RME"
"AE";"UN-ASIA"
"AE";"UN-WASIA"
"AF";"Asia without China"
"AF";"RAS"
"AF";"SAS"
"AF";"UN-ASIA"
"AG";"RLA"
"AG";"UN-AMERICAS"
"AG";"UN-CARIBBEAN"
"AI";"RLA"
"AI";"UN-AMERICAS"
"AI";"UN-CARIBBEAN"
"AL";"Europe without NORDEL (NCPA)"
"AL";"Europe without Switzerland"
"AL";"Europe without Switzerland and France"
"AL";"Europe, without Russia and Turkey"
"AL";"RER"
"AL";"RER w/o AT+BE+CH+DE+FR+IT"
"AL";"RER w/o CH+DE"
"AL";"RER w/o DE+NL+NO"
"AL";"RER w/o DE+NL+NO+RU"
"AL";"RER w/o DE+NL+RU"
"AL";"UN-EUROPE"
"AL";"UN-SEUROPE"
"AM";"Asia without China"
"AM";"FSU"
"AM";"RAS"
"AM";"UN-ASIA"
"AM";"UN-WASIA"
"AO";"RAF"
"AO";"UN-MAFRICA"
"AR";"IAI Area 3, South America"
"AR";"RLA"
"AR";"UN-AMERICAS"
"AR";"UN-SAMERICA"
"AS";"UN-OCEANIA"
"AS";"UN-POLYNESIA"
"ASCC";"IAI Area 2, North America"
"ASCC";"IAI Area 2, without Quebec"
"ASCC";"NAFTA"
"ASCC";"RNA"
"ASCC";"UN-AMERICAS"
"ASCC";"US"
"AT";"ENTSO-E"
"AT";"Europe without NORDEL (NCPA)"
"AT";"Europe without Switzerland"
"AT";"Europe without Switzerland and France"
"AT";"Europe, without Russia and Turkey"
"AT";"RER"
"AT";"RER w/o CH+DE"
"AT";"RER w/o DE+NL+NO"
"AT";"RER w/o DE+NL+NO+RU"
"AT";"RER w/o DE+NL+RU"
"AT";"UCTE"
"AT";"UCTE without France"
"AT";"UCTE without Germany"
"AT";"UCTE without Germany and France"
"AT";"UN-EUROPE"
"AT";"WEU"
"AU";"UN-AUSTRALIANZ"
"AU";"UN-OCEANIA"
"AUS-ACT";"AU"
"AUS-ACT";"UN-AUSTRALIANZ"
"AUS-ACT";"UN-OCEANIA"
"AUS-NSW";"AU"
"AUS-NSW";"UN-AUSTRALIANZ"
"AUS-NSW";"UN-OCEANIA"
"AUS-NTR";"AU"
"AUS-NTR";"UN-AUSTRALIANZ"
"AUS-NTR";"UN-OCEANIA"
"AUS-QNS";"AU"
"AUS-QNS";"UN-AUSTRALIANZ"
"AUS-QNS";"UN-OCEANIA"
"AUS-SAS";"AU"
"AUS-SAS";"UN-AUSTRALIANZ"
"AUS-SAS";"UN-OCEANIA"
"AUS-TSM";"AU"
"AUS-TSM";"UN-AUSTRALIANZ"
"AUS-TSM";"UN-OCEANIA"
"AUS-VCT";"AU"
"AUS-VCT";"UN-AUSTRALIANZ"
"AUS-VCT";"UN-OCEANIA"
"AUS-WAS";"AU"
"AUS-WAS";"UN-AUSTRALIANZ"
"AUS-WAS";"UN-OCEANIA"
"AW";"RLA"
"AW";"UN-AMERICAS"
"AW";"UN-CARIBBEAN"
"AZ";"Asia without China"
"AZ";"FSU"
"AZ";"IAI Area 4&5, without China"
"AZ";"RAS"
"AZ";"UN-ASIA"
"AZ";"UN-WASIA"
"Akrotiri";"Asia without China"
"Akrotiri";"RAS"
"Akrotiri";"UN-ASIA"
"Akrotiri";"UN-WASIA"
"Asia without China";"RAS"
"BA";"ENTSO-E"
"BA";"Europe without NORDEL (NCPA)"
"BA";"Europe without Switzerland"
"BA";"Europe without Switzerland and France"
"BA";"Europe, without Russia and Turkey"
"BA";"IAI Area, Europe outside EU & EFTA"
"BA";"RER"
"BA";"RER w/o AT+BE+CH+DE+FR+IT"
"BA";"RER w/o CH+DE"
"BA";"RER w/o DE+NL+NO"
"BA";"RER w/o DE+NL+NO+RU"
"BA";"RER w/o DE+NL+RU"
"BA";"UCTE"
"BA";"UCTE without France"
"BA";"UCTE without Germany"
"BA";"UCTE without Germany and France"
"BA";"UN-EUROPE"
"BA";"UN-SEUROPE"
"BALTSO";"ENTSO-E"
"BALTSO";"Europe without NORDEL (NCPA)"
"BALTSO";"Europe without Switzerland"
"BALTSO";"Europe without Switzerland and France"
"BALTSO";"Europe, without Russia and Turkey"
"BALTSO";"RER"
"BALTSO";"RER w/o AT+BE+CH+DE+FR+IT"
"BALTSO";"RER w/o CH+DE"
"BALTSO";"RER w/o DE+NL+NO"
"BALTSO";"RER w/o DE+NL+NO+RU"
"BALTSO";"RER w/o DE+NL+RU"
"BALTSO";"UN-EUROPE"
"BALTSO";"UN-NEUROPE"
"BB";"RLA"
"BB";"UN-AMERICAS"
"BB";"UN-CARIBBEAN"
"BD";"Asia without China"
"BD";"RAS"
"BD";"SAS"
"BD";"UN-ASIA"
"BE";"ENTSO-E"
"BE";"Europe without NORDEL (NCPA)"
"BE";"Europe without Switzerland"
"BE";"Europe without Switzerland and France"
"BE";"Europe, without Russia and Turkey"
"BE";"RER"
"BE";"RER w/o CH+DE"
"BE";"RER w/o DE+NL+NO"
"BE";"RER w/o DE+NL+NO+RU"
"BE";"RER w/o DE+NL+RU"
"BE";"UCTE"
"BE";"UCTE without France"
"BE";"UCTE without Germany"
"BE";"UCTE without Germany and France"
"BE";"UN-EUROPE"
"BE";"WEU"
"BF";"RAF"
"BF";"UN-WAFRICA"
"BG";"ENTSO-E"
"BG";"Europe without NORDEL (NCPA)"
"BG";"Europe without Switzerland"
"BG";"Europe without Switzerland and France"
"BG";"Europe, without Russia and Turkey"
"BG";"RER"
"BG";"RER w/o AT+BE+CH+DE+FR+IT"
"BG";"RER w/o CH+DE"
"BG";"RER w/o DE+NL+NO"
"BG";"RER w/o DE+NL+NO+RU"
"BG";"RER w/o DE+NL+RU"
"BG";"UCTE"
"BG";"UCTE without France"
"BG";"UCTE without Germany"
"BG";"UCTE without Germany and France"
"BG";"UN-EEUROPE"
"BG";"UN-EUROPE"
"BH";"Asia without China"
"BH";"IAI Area 8, Gulf"
"BH";"RAS"
"BH";"UN-ASIA"
"BH";"UN-WASIA"
"BI";"RAF"
"BI";"UN-EAFRICA"
"BJ";"RAF"
"BJ";"UN-WAFRICA"
"BL";"RLA"
"BL";"UN-AMERICAS"
"BL";"UN-CARIBBEAN"
"BM";"RNA"
"BM";"UN-AMERICAS"
"BO";"RLA"
"BO";"UN-AMERICAS"
"BO";"UN-SAMERICA"
"BQ";"RLA"
"BQ";"UN-AMERICAS"
"BQ";"UN-CARIBBEAN"
"BR";"IAI Area 3, South America"
"BR";"RLA"
"BR";"UN-AMERICAS"
"BR";"UN-SAMERICA"
"BR-AC";"BR"
"BR-AC";"BR-Northern grid"
"BR-AC";"IAI Area 3, South America"
"BR-AC";"RLA"
"BR-AC";"UN-AMERICAS"
"BR-AC";"UN-SAMERICA"
"BR-AL";"BR"
"BR-AL";"BR-North-eastern grid"
"BR-AL";"IAI Area 3, South America"
"BR-AL";"RLA"
"BR-AL";"UN-AMERICAS"
"BR-AL";"UN-SAMERICA"
"BR-AM";"BR"
"BR-AM";"BR-Northern grid"
"BR-AM";"IAI Area 3, South America"
"BR-AM";"RLA"
"BR-AM";"UN-AMERICAS"
"BR-AM";"UN-SAMERICA"
"BR-AP";"BR"
"BR-AP";"BR-Northern grid"
"BR-AP";"IAI Area 3, South America"
"BR-AP";"RLA"
"BR-AP";"UN-AMERICAS"
"BR-AP";"UN-SAMERICA"
"BR-BA";"BR"
"BR-BA";"BR-North-eastern grid"
"BR-BA";"IAI Area 3, South America"
"BR-BA";"RLA"
"BR-BA";"UN-AMERICAS"
"BR-BA";"UN-SAMERICA"
"BR-CE";"BR"
"BR-CE";"BR-North-eastern grid"
"BR-CE";"IAI Area 3, South America"
"BR-CE";"RLA"
"BR-CE";"UN-AMERICAS"
"BR-CE";"UN-SAMERICA"
"BR-DF";"BR"
"BR-DF";"BR-South-eastern and Mid-western grid"
"BR-DF";"IAI Area 3, South America"
"BR-DF";"RLA"
"BR-DF";"UN-AMERICAS"
"BR-DF";"UN-SAMERICA"
"BR-ES";"BR"
"BR-ES";"BR-South-eastern and Mid-western grid"
"BR-ES";"IAI Area 3, South America"
"BR-ES";"RLA"
"BR-ES";"UN-AMERICAS"
"BR-ES";"UN-SAMERICA"
"BR-GO";"BR"
"BR-GO";"BR-South-eastern and Mid-western grid"
"BR-GO";"IAI Area 3, South America"
"BR-GO";"RLA"
"BR-GO";"UN-AMERICAS"
"BR-GO";"UN-SAMERICA"
"BR-MA";"BR"
"BR-MA";"BR-North-eastern grid"
"BR-MA";"IAI Area 3, South America"
"BR-MA";"RLA"
"BR-MA";"UN-AMERICAS"
"BR-MA";"UN-SAMERICA"
"BR-MG";"BR"
"BR-MG";"BR-South-eastern and Mid-western grid"
"BR-MG";"IAI Area 3, South America"
"BR-MG";"RLA"
"BR-MG";"UN-AMERICAS"
"BR-MG";"UN-SAMERICA"
"BR-MS";"BR"
"BR-MS";"BR-South-eastern and Mid-western grid"
"BR-MS";"IAI Area 3, South America"
"BR-MS";"RLA"
"BR-MS";"UN-AMERICAS"
"BR-MS";"UN-SAMERICA"
"BR-MT";"BR"
"BR-MT";"BR-South-eastern and Mid-western grid"
"BR-MT";"IAI Area 3, South America"
"BR-MT";"RLA"
"BR-MT";"UN-AMERICAS"
"BR-MT";"UN-SAMERICA"
"BR-North-eastern grid";"BR"
"BR-North-eastern grid";"IAI Area 3, South America"
"BR-North-eastern grid";"RLA"
"BR-North-eastern grid";"UN-AMERICAS"
"BR-North-eastern grid";"UN-SAMERICA"
"BR-Northern grid";"BR"
"BR-Northern grid";"IAI Area 3, South America"
"BR-Northern grid";"RLA"
"BR-Northern grid";"UN-AMERICAS"
"BR-Northern grid";"UN-SAMERICA"
"BR-PA";"BR"
"BR-PA";"BR-Northern grid"
"BR-PA";"IAI Area 3, South America"
"BR-PA";"RLA"
"BR-PA";"UN-AMERICAS"
"BR-PA";"UN-SAMERICA"
"BR-PB";"BR"
"BR-PB";"BR-North-eastern grid"
"BR-PB";"IAI Area 3, South America"
"BR-PB";"RLA"
"BR-PB";"UN-AMERICAS"
"BR-PB";"UN-SAMERICA"
"BR-PE";"BR"
"BR-PE";"BR-North-eastern grid"
"BR-PE";"IAI Area 3, South America"
"BR-PE";"RLA"
"BR-PE";"UN-AMERICAS"
"BR-PE";"UN-SAMERICA"
"BR-PI";"BR"
"BR-PI";"BR-North-eastern grid"
"BR-PI";"IAI Area 3, South America"
"BR-PI";"RLA"
"BR-PI";"UN-AMERICAS"
"BR-PI";"UN-SAMERICA"
"BR-PR";"BR"
"BR-PR";"BR-Southern grid"
"BR-PR";"IAI Area 3, South America"
"BR-PR";"RLA"
"BR-PR";"UN-AMERICAS"
"BR-PR";"UN-SAMERICA"
"BR-RJ";"BR"
"BR-RJ";"BR-South-eastern and Mid-western grid"
"BR-RJ";"IAI Area 3, South America"
"BR-RJ";"RLA"
"BR-RJ";"UN-AMERICAS"
"BR-RJ";"UN-SAMERICA"
"BR-RN";"BR"
"BR-RN";"BR-North-eastern grid"
"BR-RN";"IAI Area 3, South America"
"BR-RN";"RLA"
"BR-RN";"UN-AMERICAS"
"BR-RN";"UN-SAMERICA"
"BR-RO";"BR"
"BR-RO";"BR-Northern grid"
"BR-RO";"IAI Area 3, South America"
"BR-RO";"RLA"
"BR-RO";"UN-AMERICAS"
"BR-RO";"UN-SAMERICA"
"BR-RR";"BR"
"BR-RR";"BR-Northern grid"
"BR-RR";"IAI Area 3, South America"
"BR-RR";"RLA"
"BR-RR";"UN-AMERICAS"
"BR-RR";"UN-SAMERICA"
"BR-RS";"BR"
"BR-RS";"BR-Southern grid"
"BR-RS";"IAI Area 3, South America"
"BR-RS";"RLA"
"BR-RS";"UN-AMERICAS"
"BR-RS";"UN-SAMERICA"
"BR-SC";"BR"
"BR-SC";"BR-Southern grid"
"BR-SC";"IAI Area 3, South America"
"BR-SC";"RLA"
"BR-SC";"UN-AMERICAS"
"BR-SC";"UN-SAMERICA"
"BR-SE";"BR"
"BR-SE";"BR-North-eastern grid"
"BR-SE";"IAI Area 3, South America"
"BR-SE";"RLA"
"BR-SE";"UN-AMERICAS"
"BR-SE";"UN-SAMERICA"
"BR-SP";"BR"
"BR-SP";"BR-South-eastern and Mid-western grid"
"BR-SP";"IAI Area 3, South America"
"BR-SP";"RLA"
"BR-SP";"UN-AMERICAS"
"BR-SP";"UN-SAMERICA"
"BR-South-eastern and Mid-western grid";"BR"
"BR-South-eastern and Mid-western grid";"IAI Area 3, South America"
"BR-South-eastern and Mid-western grid";"RLA"
"BR-South-eastern and Mid-western grid";"UN-AMERICAS"
"BR-South-eastern and Mid-western grid";"UN-SAMERICA"
"BR-Southern grid";"BR"
"BR-Southern grid";"IAI Area 3, South America"
"BR-Southern grid";"RLA"
"BR-Southern grid";"UN-AMERICAS"
"BR-Southern grid";"UN-SAMERICA"
"BR-TO";"BR"
"BR-TO";"BR-Northern grid"
"BR-TO";"IAI Area 3, South America"
"BR-TO";"RLA"
"BR-TO";"UN-AMERICAS"
"BR-TO";"UN-SAMERICA"
"BS";"RLA"
"BS";"UN-AMERICAS"
"BS";"UN-CARIBBEAN"
"BT";"Asia without China"
"BT";"RAS"
"BT";"SAS"
"BT";"UN-ASIA"
"BV";"ENTSO-E"
"BV";"Europe without Switzerland"
"BV";"Europe without Switzerland and France"
"BV";"Europe, without Russia and Turkey"
"BV";"IAI Area, EU27 & EFTA"
"BV";"NO"
"BV";"NORDEL"
"BV";"RER"
"BV";"RER w/o AT+BE+CH+DE+FR+IT"
"BV";"RER w/o CH+DE"
"BV";"RER w/o DE+NL+RU"
"BV";"UN-EUROPE"
"BV";"UN-NEUROPE"
"BW";"RAF"
"BW";"UN-SASIA"
"BY";"Europe without NORDEL (NCPA)"
"BY";"Europe without Switzerland"
"BY";"Europe without Switzerland and France"
"BY";"Europe, without Russia and Turkey"
"BY";"FSU"
"BY";"RER"
"BY";"RER w/o AT+BE+CH+DE+FR+IT"
"BY";"RER w/o CH+DE"
"BY";"RER w/o DE+NL+NO"
"BY";"RER w/o DE+NL+NO+RU"
"BY";"RER w/o DE+NL+RU"
"BY";"UN-EEUROPE"
"BY";"UN-EUROPE"
"BZ";"RLA"
"BZ";"UN-AMERICAS"
"BZ";"UN-CAMERICA"
"CA";"IAI Area 2, North America"
"CA";"NAFTA"
"CA";"RNA"
"CA";"UN-AMERICAS"
"CA-AB";"CA"
"CA-AB";"Canada without Quebec"
"CA-AB";"IAI Area 2, North America"
"CA-AB";"IAI Area 2, without Quebec"
"CA-AB";"NAFTA"
"CA-AB";"RNA"
"CA-AB";"UN-AMERICAS"
"CA-AB";"WECC"
"CA-BC";"CA"
"CA-BC";"Canada without Alberta"
"CA-BC";"Canada without Alberta and Quebec"
"CA-BC";"Canada without Quebec"
"CA-BC";"IAI Area 2, North America"
"CA-BC";"IAI Area 2, without Quebec"
"CA-BC";"NAFTA"
"CA-BC";"RNA"
"CA-BC";"UN-AMERICAS"
"CA-BC";"WECC"
"CA-MB";"CA"
"CA-MB";"Canada without Alberta"
"CA-MB";"Canada without Alberta and Quebec"
"CA-MB";"Canada without Quebec"
"CA-MB";"IAI Area 2, North America"
"CA-MB";"IAI Area 2, without Quebec"
"CA-MB";"MRO"
"CA-MB";"NAFTA"
"CA-MB";"RNA"
"CA-MB";"UN-AMERICAS"
"CA-NB";"CA"
"CA-NB";"Canada without Alberta"
"CA-NB";"Canada without Alberta and Quebec"
"CA-NB";"Canada without Quebec"
"CA-NB";"IAI Area 2, North America"
"CA-NB";"IAI Area 2, without Quebec"
"CA-NB";"NAFTA"
"CA-NB";"NPCC"
"CA-NB";"RNA"
"CA-NB";"UN-AMERICAS"
"CA-NF";"CA"
"CA-NF";"Canada without Alberta"
"CA-NF";"Canada without Alberta and Quebec"
"CA-NF";"Canada without Quebec"
"CA-NF";"IAI Area 2, North America"
"CA-NF";"IAI Area 2, without Quebec"
"CA-NF";"NAFTA"
"CA-NF";"RNA"
"CA-NF";"UN-AMERICAS"
"CA-NS";"CA"
"CA-NS";"Canada without Alberta"
"CA-NS";"Canada without Alberta and Quebec"
"CA-NS";"Canada without Quebec"
"CA-NS";"IAI Area 2, North America"
"CA-NS";"IAI Area 2, without Quebec"
"CA-NS";"NAFTA"
"CA-NS";"NPCC"
"CA-NS";"RNA"
"CA-NS";"UN-AMERICAS"
"CA-NT";"CA"
"CA-NT";"Canada without Alberta"
"CA-NT";"Canada without Alberta and Quebec"
"CA-NT";"Canada without Quebec"
"CA-NT";"IAI Area 2, North America"
"CA-NT";"IAI Area 2, without Quebec"
"CA-NT";"NAFTA"
"CA-NT";"RNA"
"CA-NT";"UN-AMERICAS"
"CA-NU";"CA"
"CA-NU";"Canada without Alberta"
"CA-NU";"Canada without Alberta and Quebec"
"CA-NU";"Canada without Quebec"
"CA-NU";"IAI Area 2, North America"
"CA-NU";"IAI Area 2, without Quebec"
"CA-NU";"NAFTA"
"CA-NU";"RNA"
"CA-NU";"UN-AMERICAS"
"CA-ON";"CA"
"CA-ON";"Canada without Alberta"
"CA-ON";"Canada without Alberta and Quebec"
"CA-ON";"Canada without Quebec"
"CA-ON";"IAI Area 2, North America"
"CA-ON";"IAI Area 2, without Quebec"
"CA-ON";"NAFTA"
"CA-ON";"NPCC"
"CA-ON";"RNA"
"CA-ON";"UN-AMERICAS"
"CA-PE";"CA"
"CA-PE";"Canada without Alberta"
"CA-PE";"Canada without Alberta and Quebec"
"CA-PE";"Canada without Quebec"
"CA-PE";"IAI Area 2, North America"
"CA-PE";"IAI Area 2, without Quebec"
"CA-PE";"NAFTA"
"CA-PE";"NPCC"
"CA-PE";"RNA"
"CA-PE";"UN-AMERICAS"
"CA-QC";"CA"
"CA-QC";"Canada without Alberta"
"CA-QC";"IAI Area 2, North America"
"CA-QC";"NAFTA"
"CA-QC";"NPCC"
"CA-QC";"QuÃ©bec, HQ distribution network"
"CA-QC";"RNA"
"CA-QC";"UN-AMERICAS"
"CA-SK";"CA"
"CA-SK";"Canada without Alberta"
"CA-SK";"Canada without Alberta and Quebec"
"CA-SK";"Canada without Quebec"
"CA-SK";"IAI Area 2, North America"
"CA-SK";"IAI Area 2, without Quebec"
"CA-SK";"MRO"
"CA-SK";"NAFTA"
"CA-SK";"RNA"
"CA-SK";"UN-AMERICAS"
"CA-YK";"CA"
"CA-YK";"Canada without Alberta"
"CA-YK";"Canada without Alberta and Quebec"
"CA-YK";"Canada without Quebec"
"CA-YK";"IAI Area 2, North America"
"CA-YK";"IAI Area 2, without Quebec"
"CA-YK";"NAFTA"
"CA-YK";"RNA"
"CA-YK";"UN-AMERICAS"
"CD";"RAF"
"CD";"UN-MAFRICA"
"CENTREL";"ENTSO-E"
"CENTREL";"Europe without NORDEL (NCPA)"
"CENTREL";"Europe without Switzerland"
"CENTREL";"Europe without Switzerland and France"
"CENTREL";"Europe, without Russia and Turkey"
"CENTREL";"RER"
"CENTREL";"RER w/o AT+BE+CH+DE+FR+IT"
"CENTREL";"RER w/o CH+DE"
"CENTREL";"RER w/o DE+NL+NO"
"CENTREL";"RER w/o DE+NL+NO+RU"
"CENTREL";"RER w/o DE+NL+RU"
"CENTREL";"UCTE"
"CENTREL";"UCTE without France"
"CENTREL";"UCTE without Germany"
"CENTREL";"UCTE without Germany and France"
"CENTREL";"UN-EEUROPE"
"CENTREL";"UN-EUROPE"
"CF";"RAF"
"CF";"UN-MAFRICA"
"CG";"RAF"
"CG";"UN-MAFRICA"
"CH";"ENTSO-E"
"CH";"Europe without NORDEL (NCPA)"
"CH";"Europe, without Russia and Turkey"
"CH";"RER"
"CH";"RER w/o DE+NL+NO+RU"
"CH";"RER w/o DE+NL+RU"
"CH";"UCTE"
"CH";"UCTE without France"
"CH";"UCTE without Germany"
"CH";"UCTE without Germany and France"
"CH";"UN-EUROPE"
"CH";"WEU"
"CI";"RAF"
"CI";"UN-WAFRICA"
"CK";"UN-OCEANIA"
"CK";"UN-POLYNESIA"
"CL";"RLA"
"CL";"UN-AMERICAS"
"CL";"UN-SAMERICA"
"CM";"IAI Area 1, Africa"
"CM";"RAF"
"CM";"UN-MAFRICA"
"CN";"RAS"
"CN";"UN-ASIA"
"CN";"UN-EASIA"
"CN-AH";"CN"
"CN-AH";"RAS"
"CN-AH";"SGCC"
"CN-AH";"UN-ASIA"
"CN-AH";"UN-EASIA"
"CN-BJ";"CN"
"CN-BJ";"RAS"
"CN-BJ";"SGCC"
"CN-BJ";"UN-ASIA"
"CN-BJ";"UN-EASIA"
"CN-CQ";"CN"
"CN-CQ";"RAS"
"CN-CQ";"SGCC"
"CN-CQ";"UN-ASIA"
"CN-CQ";"UN-EASIA"
"CN-FJ";"CN"
"CN-FJ";"RAS"
"CN-FJ";"SGCC"
"CN-FJ";"UN-ASIA"
"CN-FJ";"UN-EASIA"
"CN-GD";"CN"
"CN-GD";"CSG"
"CN-GD";"RAS"
"CN-GD";"UN-ASIA"
"CN-GD";"UN-EASIA"
"CN-GS";"CN"
"CN-GS";"RAS"
"CN-GS";"SGCC"
"CN-GS";"UN-ASIA"
"CN-GS";"UN-EASIA"
"CN-GX";"CN"
"CN-GX";"CSG"
"CN-GX";"RAS"
"CN-GX";"UN-ASIA"
"CN-GX";"UN-EASIA"
"CN-GZ";"CN"
"CN-GZ";"CSG"
"CN-GZ";"RAS"
"CN-GZ";"UN-ASIA"
"CN-GZ";"UN-EASIA"
"CN-HA";"CN"
"CN-HA";"CSG"
"CN-HA";"RAS"
"CN-HA";"UN-ASIA"
"CN-HA";"UN-EASIA"
"CN-HB";"CN"
"CN-HB";"RAS"
"CN-HB";"SGCC"
"CN-HB";"UN-ASIA"
"CN-HB";"UN-EASIA"
"CN-HE";"CN"
"CN-HE";"RAS"
"CN-HE";"SGCC"
"CN-HE";"UN-ASIA"
"CN-HE";"UN-EASIA"
"CN-HL";"CN"
"CN-HL";"RAS"
"CN-HL";"SGCC"
"CN-HL";"UN-ASIA"
"CN-HL";"UN-EASIA"
"CN-HN";"CN"
"CN-HN";"RAS"
"CN-HN";"SGCC"
"CN-HN";"UN-ASIA"
"CN-HN";"UN-EASIA"
"CN-HU";"CN"
"CN-HU";"RAS"
"CN-HU";"SGCC"
"CN-HU";"UN-ASIA"
"CN-HU";"UN-EASIA"
"CN-JL";"CN"
"CN-JL";"RAS"
"CN-JL";"SGCC"
"CN-JL";"UN-ASIA"
"CN-JL";"UN-EASIA"
"CN-JS";"CN"
"CN-JS";"RAS"
"CN-JS";"SGCC"
"CN-JS";"UN-ASIA"
"CN-JS";"UN-EASIA"
"CN-JX";"CN"
"CN-JX";"RAS"
"CN-JX";"SGCC"
"CN-JX";"UN-ASIA"
"CN-JX";"UN-EASIA"
"CN-LN";"CN"
"CN-LN";"RAS"
"CN-LN";"SGCC"
"CN-LN";"UN-ASIA"
"CN-LN";"UN-EASIA"
"CN-NM";"CN"
"CN-NM";"RAS"
"CN-NM";"SGCC"
"CN-NM";"UN-ASIA"
"CN-NM";"UN-EASIA"
"CN-NX";"CN"
"CN-NX";"RAS"
"CN-NX";"SGCC"
"CN-NX";"UN-ASIA"
"CN-NX";"UN-EASIA"
"CN-QH";"CN"
"CN-QH";"RAS"
"CN-QH";"SGCC"
"CN-QH";"UN-ASIA"
"CN-QH";"UN-EASIA"
"CN-SA";"CN"
"CN-SA";"RAS"
"CN-SA";"SGCC"
"CN-SA";"UN-ASIA"
"CN-SA";"UN-EASIA"
"CN-SC";"CN"
"CN-SC";"RAS"
"CN-SC";"SGCC"
"CN-SC";"UN-ASIA"
"CN-SC";"UN-EASIA"
"CN-SD";"CN"
"CN-SD";"RAS"
"CN-SD";"SGCC"
"CN-SD";"UN-ASIA"
"CN-SD";"UN-EASIA"
"CN-SH";"CN"
"CN-SH";"RAS"
"CN-SH";"SGCC"
"CN-SH";"UN-ASIA"
"CN-SH";"UN-EASIA"
"CN-SX";"CN"
"CN-SX";"RAS"
"CN-SX";"SGCC"
"CN-SX";"UN-ASIA"
"CN-SX";"UN-EASIA"
"CN-TJ";"CN"
"CN-TJ";"RAS"
"CN-TJ";"SGCC"
"CN-TJ";"UN-ASIA"
"CN-TJ";"UN-EASIA"
"CN-XJ";"CN"
"CN-XJ";"RAS"
"CN-XJ";"SGCC"
"CN-XJ";"UN-ASIA"
"CN-XJ";"UN-EASIA"
"CN-XZ";"CN"
"CN-XZ";"RAS"
"CN-XZ";"SGCC"
"CN-XZ";"UN-ASIA"
"CN-XZ";"UN-EASIA"
"CN-YN";"CN"
"CN-YN";"CSG"
"CN-YN";"RAS"
"CN-YN";"UN-ASIA"
"CN-YN";"UN-EASIA"
"CN-ZJ";"CN"
"CN-ZJ";"RAS"
"CN-ZJ";"SGCC"
"CN-ZJ";"UN-ASIA"
"CN-ZJ";"UN-EASIA"
"CO";"RLA"
"CO";"UN-AMERICAS"
"CO";"UN-SAMERICA"
"CR";"RLA"
"CR";"UN-AMERICAS"
"CR";"UN-CAMERICA"
"CS";"ENTSO-E"
"CS";"Europe without NORDEL (NCPA)"
"CS";"Europe without Switzerland"
"CS";"Europe without Switzerland and France"
"CS";"Europe, without Russia and Turkey"
"CS";"RER"
"CS";"RER w/o AT+BE+CH+DE+FR+IT"
"CS";"RER w/o CH+DE"
"CS";"RER w/o DE+NL+NO"
"CS";"RER w/o DE+NL+NO+RU"
"CS";"RER w/o DE+NL+RU"
"CS";"UCTE"
"CS";"UCTE without France"
"CS";"UCTE without Germany"
"CS";"UCTE without Germany and France"
"CS";"UN-EUROPE"
"CS";"UN-SEUROPE"
"CSG";"CN"
"CSG";"RAS"
"CSG";"UN-ASIA"
"CSG";"UN-EASIA"
"CU";"RLA"
"CU";"UN-AMERICAS"
"CU";"UN-CARIBBEAN"
"CV";"RAF"
"CV";"UN-WAFRICA"
"CW";"RLA"
"CW";"UN-AMERICAS"
"CW";"UN-CARIBBEAN"
"CY";"Asia without China"
"CY";"RAS"
"CY";"UN-ASIA"
"CY";"UN-WASIA"
"Canada without Alberta";"CA"
"Canada without Alberta";"IAI Area 2, North America"
"Canada without Alberta";"NAFTA"
"Canada without Alberta";"RNA"
"Canada without Alberta";"UN-AMERICAS"
"Canada without Alberta and Quebec";"CA"
"Canada without Alberta and Quebec";"Canada without Alberta"
"Canada without Alberta and Quebec";"Canada without Quebec"
"Canada without Alberta and Quebec";"IAI Area 2, North America"
"Canada without Alberta and Quebec";"IAI Area 2, without Quebec"
"Canada without Alberta and Quebec";"NAFTA"
"Canada without Alberta and Quebec";"RNA"
"Canada without Alberta and Quebec";"UN-AMERICAS"
"Canada without Quebec";"CA"
"Canada without Quebec";"IAI Area 2, North America"
"Canada without Quebec";"IAI Area 2, without Quebec"
"Canada without Quebec";"NAFTA"
"Canada without Quebec";"RNA"
"Canada without Quebec";"UN-AMERICAS"
"Canary Islands";"ENTSO-E"
"Canary Islands";"ES"
"Canary Islands";"Europe without NORDEL (NCPA)"
"Canary Islands";"Europe without Switzerland"
"Canary Islands";"Europe without Switzerland and France"
"Canary Islands";"Europe, without Russia and Turkey"
"Canary Islands";"IAI Area, EU27 & EFTA"
"Canary Islands";"RER"
"Canary Islands";"RER w/o AT+BE+CH+DE+FR+IT"
"Canary Islands";"RER w/o CH+DE"
"Canary Islands";"RER w/o DE+NL+NO"
"Canary Islands";"RER w/o DE+NL+NO+RU"
"Canary Islands";"RER w/o DE+NL+RU"
"Canary Islands";"UCTE"
"Canary Islands";"UCTE without France"
"Canary Islands";"UCTE without Germany"
"Canary Islands";"UCTE without Germany and France"
"Canary Islands";"UN-EUROPE"
"Canary Islands";"UN-SEUROPE"
"Central Asia";"Asia without China"
"Central Asia";"RAS"
"Central Asia";"UN-ASIA"
"Cyprus No Mans Area";"Asia without China"
"Cyprus No Mans Area";"RAS"
"Cyprus No Mans Area";"UN-ASIA"
"Cyprus No Mans Area";"UN-WASIA"
"DE";"ENTSO-E"
"DE";"Europe without NORDEL (NCPA)"
"DE";"Europe without Switzerland"
"DE";"Europe without Switzerland and France"
"DE";"Europe, without Russia and Turkey"
"DE";"IAI Area, EU27 & EFTA"
"DE";"RER"
"DE";"UCTE"
"DE";"UCTE without France"
"DE";"UN-EUROPE"
"DE";"WEU"
"DJ";"RAF"
"DJ";"UN-EAFRICA"
"DK";"ENTSO-E"
"DK";"Europe without Switzerland"
"DK";"Europe without Switzerland and France"
"DK";"Europe, without Russia and Turkey"
"DK";"RER"
"DK";"RER w/o AT+BE+CH+DE+FR+IT"
"DK";"RER w/o CH+DE"
"DK";"RER w/o DE+NL+NO"
"DK";"RER w/o DE+NL+NO+RU"
"DK";"RER w/o DE+NL+RU"
"DK";"UN-EUROPE"
"DK";"UN-NEUROPE"
"DM";"RLA"
"DM";"UN-AMERICAS"
"DM";"UN-CARIBBEAN"
"DO";"RLA"
"DO";"UN-AMERICAS"
"DO";"UN-CARIBBEAN"
"DZ";"RAF"
"DZ";"UN-NAFRICA"
"Dhekelia Base";"Asia without China"
"Dhekelia Base";"RAS"
"Dhekelia Base";"UN-ASIA"
"Dhekelia Base";"UN-WASIA"
"EC";"RLA"
"EC";"UN-AMERICAS"
"EC";"UN-SAMERICA"
"EE";"BALTSO"
"EE";"ENTSO-E"
"EE";"Europe without NORDEL (NCPA)"
"EE";"Europe without Switzerland"
"EE";"Europe without Switzerland and France"
"EE";"Europe, without Russia and Turkey"
"EE";"RER"
"EE";"RER w/o AT+BE+CH+DE+FR+IT"
"EE";"RER w/o CH+DE"
"EE";"RER w/o DE+NL+NO"
"EE";"RER w/o DE+NL+NO+RU"
"EE";"RER w/o DE+NL+RU"
"EE";"UN-EUROPE"
"EE";"UN-NEUROPE"
"EG";"IAI Area 1, Africa"
"EG";"RAF"
"EG";"UN-NAFRICA"
"EH";"RAF"
"EH";"UN-NAFRICA"
"ENTSO-E";"Europe, without Russia and Turkey"
"ENTSO-E";"RER"
"ENTSO-E";"UN-EUROPE"
"ER";"RAF"
"ER";"UN-EAFRICA"
"ES";"ENTSO-E"
"ES";"Europe without NORDEL (NCPA)"
"ES";"Europe without Switzerland"
"ES";"Europe without Switzerland and France"
"ES";"Europe, without Russia and Turkey"
"ES";"IAI Area, EU27 & EFTA"
"ES";"RER"
"ES";"RER w/o AT+BE+CH+DE+FR+IT"
"ES";"RER w/o CH+DE"
"ES";"RER w/o DE+NL+NO"
"ES";"RER w/o DE+NL+NO+RU"
"ES";"RER w/o DE+NL+RU"
"ES";"UCTE"
"ES";"UCTE without France"
"ES";"UCTE without Germany"
"ES";"UCTE without Germany and France"
"ES";"UN-EUROPE"
"ES";"UN-SEUROPE"
"ET";"RAF"
"ET";"UN-EAFRICA"
"Europe without NORDEL (NCPA)";"RER"
"Europe without NORDEL (NCPA)";"UN-EUROPE"
"Europe without Switzerland";"RER"
"Europe without Switzerland";"UN-EUROPE"
"Europe without Switzerland and France";"Europe without Switzerland"
"Europe without Switzerland and France";"RER"
"Europe without Switzerland and France";"UN-EUROPE"
"Europe, without Russia and Turkey";"RER"
"Europe, without Russia and Turkey";"UN-EUROPE"
"FI";"ENTSO-E"
"FI";"Europe without Switzerland"
"FI";"Europe without Switzerland and France"
"FI";"Europe, without Russia and Turkey"
"FI";"NORDEL"
"FI";"RER"
"FI";"RER w/o AT+BE+CH+DE+FR+IT"
"FI";"RER w/o CH+DE"
"FI";"RER w/o DE+NL+NO"
"FI";"RER w/o DE+NL+NO+RU"
"FI";"RER w/o DE+NL+RU"
"FI";"UN-EUROPE"
"FI";"UN-NEUROPE"
"FJ";"UN-MELANESIA"
"FJ";"UN-OCEANIA"
"FR";"ENTSO-E"
"FR";"Europe without NORDEL (NCPA)"
"FR";"Europe without Switzerland"
"FR";"Europe, without Russia and Turkey"
"FR";"France, including overseas territories"
"FR";"IAI Area, EU27 & EFTA"
"FR";"RER"
"FR";"RER w/o CH+DE"
"FR";"RER w/o DE+NL+NO"
"FR";"RER w/o DE+NL+NO+RU"
"FR";"RER w/o DE+NL+RU"
"FR";"UCTE"
"FR";"UCTE without Germany"
"FR";"UN-EUROPE"
"FR";"WEU"
"FRCC";"IAI Area 2, North America"
"FRCC";"IAI Area 2, without Quebec"
"FRCC";"NAFTA"
"FRCC";"RNA"
"FRCC";"UN-AMERICAS"
"FRCC";"US"
"GA";"RAF"
"GA";"UN-MAFRICA"
"GB";"ENTSO-E"
"GB";"Europe without NORDEL (NCPA)"
"GB";"Europe without Switzerland"
"GB";"Europe without Switzerland and France"
"GB";"Europe, without Russia and Turkey"
"GB";"IAI Area, EU27 & EFTA"
"GB";"RER"
"GB";"RER w/o AT+BE+CH+DE+FR+IT"
"GB";"RER w/o CH+DE"
"GB";"RER w/o DE+NL+NO"
"GB";"RER w/o DE+NL+NO+RU"
"GB";"RER w/o DE+NL+RU"
"GB";"UN-EUROPE"
"GB";"UN-NEUROPE"
"GD";"RLA"
"GD";"UN-AMERICAS"
"GD";"UN-CARIBBEAN"
"GE";"Asia without China"
"GE";"RAS"
"GE";"UN-ASIA"
"GE";"UN-WASIA"
"GF";"France, including overseas territories"
"GF";"RLA"
"GF";"UN-AMERICAS"
"GF";"UN-SAMERICA"
"GG";"ENTSO-E"
"GG";"Europe without NORDEL (NCPA)"
"GG";"Europe without Switzerland"
"GG";"Europe without Switzerland and France"
"GG";"Europe, without Russia and Turkey"
"GG";"RER"
"GG";"RER w/o AT+BE+CH+DE+FR+IT"
"GG";"RER w/o CH+DE"
"GG";"RER w/o DE+NL+NO"
"GG";"RER w/o DE+NL+NO+RU"
"GG";"RER w/o DE+NL+RU"
"GG";"UN-EUROPE"
"GG";"UN-NEUROPE"
"GH";"IAI Area 1, Africa"
"GH";"RAF"
"GH";"UN-WAFRICA"
"GI";"ENTSO-E"
"GI";"Europe without NORDEL (NCPA)"
"GI";"Europe without Switzerland"
"GI";"Europe without Switzerland and France"
"GI";"Europe, without Russia and Turkey"
"GI";"RER"
"GI";"RER w/o AT+BE+CH+DE+FR+IT"
"GI";"RER w/o CH+DE"
"GI";"RER w/o DE+NL+NO"
"GI";"RER w/o DE+NL+NO+RU"
"GI";"RER w/o DE+NL+RU"
"GI";"UCTE"
"GI";"UCTE without France"
"GI";"UCTE without Germany"
"GI";"UCTE without Germany and France"
"GI";"UN-EUROPE"
"GI";"UN-SEUROPE"
"GL";"RNA"
"GL";"UN-AMERICAS"
"GM";"RAF"
"GM";"UN-WAFRICA"
"GN";"RAF"
"GN";"UN-WAFRICA"
"GP";"France, including overseas territories"
"GP";"RLA"
"GP";"UN-AMERICAS"
"GP";"UN-CARIBBEAN"
"GQ";"RAF"
"GQ";"UN-MAFRICA"
"GR";"ENTSO-E"
"GR";"Europe without NORDEL (NCPA)"
"GR";"Europe without Switzerland"
"GR";"Europe without Switzerland and France"
"GR";"Europe, without Russia and Turkey"
"GR";"IAI Area, EU27 & EFTA"
"GR";"RER"
"GR";"RER w/o AT+BE+CH+DE+FR+IT"
"GR";"RER w/o CH+DE"
"GR";"RER w/o DE+NL+NO"
"GR";"RER w/o DE+NL+NO+RU"
"GR";"RER w/o DE+NL+RU"
"GR";"UCTE"
"GR";"UCTE without France"
"GR";"UCTE without Germany"
"GR";"UCTE without Germany and France"
"GR";"UN-EUROPE"
"GR";"UN-SEUROPE"
"GT";"RLA"
"GT";"UN-AMERICAS"
"GT";"UN-CAMERICA"
"GU";"UN-MICRONESIA"
"GU";"UN-OCEANIA"
"GW";"RAF"
"GW";"UN-WAFRICA"
"GY";"RLA"
"GY";"UN-AMERICAS"
"GY";"UN-SAMERICA"
"HICC";"IAI Area 2, North America"
"HICC";"IAI Area 2, without Quebec"
"HICC";"NAFTA"
"HICC";"RNA"
"HICC";"UN-AMERICAS"
"HICC";"US"
"HN";"RLA"
"HN";"UN-AMERICAS"
"HN";"UN-CAMERICA"
"HR";"ENTSO-E"
"HR";"Europe without NORDEL (NCPA)"
"HR";"Europe without Switzerland"
"HR";"Europe without Switzerland and France"
"HR";"Europe, without Russia and Turkey"
"HR";"RER"
"HR";"RER w/o AT+BE+CH+DE+FR+IT"
"HR";"RER w/o CH+DE"
"HR";"RER w/o DE+NL+NO"
"HR";"RER w/o DE+NL+NO+RU"
"HR";"RER w/o DE+NL+RU"
"HR";"UCTE"
"HR";"UCTE without France"
"HR";"UCTE without Germany"
"HR";"UCTE without Germany and France"
"HR";"UN-EUROPE"
"HR";"UN-SEUROPE"
"HT";"RLA"
"HT";"UN-AMERICAS"
"HT";"UN-CARIBBEAN"
"HU";"CENTREL"
"HU";"ENTSO-E"
"HU";"Europe without NORDEL (NCPA)"
"HU";"Europe without Switzerland"
"HU";"Europe without Switzerland and France"
"HU";"Europe, without Russia and Turkey"
"HU";"RER"
"HU";"RER w/o AT+BE+CH+DE+FR+IT"
"HU";"RER w/o CH+DE"
"HU";"RER w/o DE+NL+NO"
"HU";"RER w/o DE+NL+NO+RU"
"HU";"RER w/o DE+NL+RU"
"HU";"UCTE"
"HU";"UCTE without France"
"HU";"UCTE without Germany"
"HU";"UCTE without Germany and France"
"HU";"UN-EEUROPE"
"HU";"UN-EUROPE"
"IAI Area 1, Africa";"RAF"
"IAI Area 2, North America";"NAFTA"
"IAI Area 2, North America";"RNA"
"IAI Area 2, without Quebec";"IAI Area 2, North America"
"IAI Area 2, without Quebec";"NAFTA"
"IAI Area 2, without Quebec";"RNA"
"IAI Area 3, South America";"RLA"
"IAI Area 3, South America";"UN-AMERICAS"
"IAI Area 3, South America";"UN-SAMERICA"
"IAI Area 4&5, without China";"Asia without China"
"IAI Area 4&5, without China";"RAS"
"IAI Area 4&5, without China";"UN-ASIA"
"IAI Area 8, Gulf";"Asia without China"
"IAI Area 8, Gulf";"RAS"
"IAI Area 8, Gulf";"UN-ASIA"
"IAI Area 8, Gulf";"UN-WASIA"
"IAI Area, EU27 & EFTA";"ENTSO-E"
"IAI Area, EU27 & EFTA";"Europe without Switzerland"
"IAI Area, EU27 & EFTA";"Europe, without Russia and Turkey"
"IAI Area, EU27 & EFTA";"RER"
"IAI Area, EU27 & EFTA";"UN-EUROPE"
"IAI Area, Europe outside EU & EFTA";"UN-EUROPE"
"ID";"Asia without China"
"ID";"IAI Area 4&5, without China"
"ID";"RAS"
"ID";"UN-ASIA"
"ID";"UN-SEASIA"
"IE";"ENTSO-E"
"IE";"Europe without NORDEL (NCPA)"
"IE";"Europe without Switzerland"
"IE";"Europe without Switzerland and France"
"IE";"Europe, without Russia and Turkey"
"IE";"RER"
"IE";"RER w/o AT+BE+CH+DE+FR+IT"
"IE";"RER w/o CH+DE"
"IE";"RER w/o DE+NL+NO"
"IE";"RER w/o DE+NL+NO+RU"
"IE";"RER w/o DE+NL+RU"
"IE";"UN-EUROPE"
"IE";"UN-NEUROPE"
"IL";"Asia without China"
"IL";"RAS"
"IL";"UN-ASIA"
"IL";"UN-WASIA"
"IM";"ENTSO-E"
"IM";"Europe without NORDEL (NCPA)"
"IM";"Europe without Switzerland"
"IM";"Europe without Switzerland and France"
"IM";"Europe, without Russia and Turkey"
"IM";"RER"
"IM";"RER w/o AT+BE+CH+DE+FR+IT"
"IM";"RER w/o CH+DE"
"IM";"RER w/o DE+NL+NO"
"IM";"RER w/o DE+NL+NO+RU"
"IM";"RER w/o DE+NL+RU"
"IM";"UN-EUROPE"
"IM";"UN-NEUROPE"
"IN";"Asia without China"
"IN";"IAI Area 4&5, without China"
"IN";"RAS"
"IN";"SAS"
"IN";"UN-ASIA"
"IN-AN";"Asia without China"
"IN-AN";"IAI Area 4&5, without China"
"IN-AN";"IN"
"IN-AN";"IN-Islands"
"IN-AN";"RAS"
"IN-AN";"SAS"
"IN-AN";"UN-ASIA"
"IN-AP";"Asia without China"
"IN-AP";"IAI Area 4&5, without China"
"IN-AP";"IN"
"IN-AP";"IN-Southern grid"
"IN-AP";"RAS"
"IN-AP";"SAS"
"IN-AP";"UN-ASIA"
"IN-AR";"Asia without China"
"IN-AR";"IAI Area 4&5, without China"
"IN-AR";"IN"
"IN-AR";"IN-North-eastern grid"
"IN-AR";"RAS"
"IN-AR";"SAS"
"IN-AR";"UN-ASIA"
"IN-AS";"Asia without China"
"IN-AS";"IAI Area 4&5, without China"
"IN-AS";"IN"
"IN-AS";"IN-North-eastern grid"
"IN-AS";"RAS"
"IN-AS";"SAS"
"IN-AS";"UN-ASIA"
"IN-BR";"Asia without China"
"IN-BR";"IAI Area 4&5, without China"
"IN-BR";"IN"
"IN-BR";"IN-Eastern grid"
"IN-BR";"RAS"
"IN-BR";"SAS"
"IN-BR";"UN-ASIA"
"IN-CH";"Asia without China"
"IN-CH";"IAI Area 4&5, without China"
"IN-CH";"IN"
"IN-CH";"IN-Northern grid"
"IN-CH";"RAS"
"IN-CH";"SAS"
"IN-CH";"UN-ASIA"
"IN-CT";"Asia without China"
"IN-CT";"IAI Area 4&5, without China"
"IN-CT";"IN"
"IN-CT";"IN-Western grid"
"IN-CT";"RAS"
"IN-CT";"SAS"
"IN-CT";"UN-ASIA"
"IN-DD";"Asia without China"
"IN-DD";"IAI Area 4&5, without China"
"IN-DD";"IN"
"IN-DD";"IN-Western grid"
"IN-DD";"RAS"
"IN-DD";"SAS"
"IN-DD";"UN-ASIA"
"IN-DL";"Asia without China"
"IN-DL";"IAI Area 4&5, without China"
"IN-DL";"IN"
"IN-DL";"IN-Northern grid"
"IN-DL";"RAS"
"IN-DL";"SAS"
"IN-DL";"UN-ASIA"
"IN-DN";"Asia without China"
"IN-DN";"IAI Area 4&5, without China"
"IN-DN";"IN"
"IN-DN";"IN-Western grid"
"IN-DN";"RAS"
"IN-DN";"SAS"
"IN-DN";"UN-ASIA"
"IN-Eastern grid";"Asia without China"
"IN-Eastern grid";"IAI Area 4&5, without China"
"IN-Eastern grid";"IN"
"IN-Eastern grid";"RAS"
"IN-Eastern grid";"SAS"
"IN-Eastern grid";"UN-ASIA"
"IN-GA";"Asia without China"
"IN-GA";"IAI Area 4&5, without China"
"IN-GA";"IN"
"IN-GA";"IN-Western grid"
"IN-GA";"RAS"
"IN-GA";"SAS"
"IN-GA";"UN-ASIA"
"IN-GJ";"Asia without China"
"IN-GJ";"IAI Area 4&5, without China"
"IN-GJ";"IN"
"IN-GJ";"IN-Western grid"
"IN-GJ";"RAS"
"IN-GJ";"SAS"
"IN-GJ";"UN-ASIA"
"IN-HP";"Asia without China"
"IN-HP";"IAI Area 4&5, without China"
"IN-HP";"IN"
"IN-HP";"IN-Northern grid"
"IN-HP";"RAS"
"IN-HP";"SAS"
"IN-HP";"UN-ASIA"
"IN-HR";"Asia without China"
"IN-HR";"IAI Area 4&5, without China"
"IN-HR";"IN"
"IN-HR";"IN-Northern grid"
"IN-HR";"RAS"
"IN-HR";"SAS"
"IN-HR";"UN-ASIA"
"IN-Islands";"Asia without China"
"IN-Islands";"IAI Area 4&5, without China"
"IN-Islands";"IN"
"IN-Islands";"RAS"
"IN-Islands";"SAS"
"IN-Islands";"UN-ASIA"
"IN-JH";"Asia without China"
"IN-JH";"IAI Area 4&5, without China"
"IN-JH";"IN"
"IN-JH";"IN-Eastern grid"
"IN-JH";"RAS"
"IN-JH";"SAS"
"IN-JH";"UN-ASIA"
"IN-JK";"Asia without China"
"IN-JK";"IAI Area 4&5, without China"
"IN-JK";"IN"
"IN-JK";"IN-Northern grid"
"IN-JK";"RAS"
"IN-JK";"SAS"
"IN-JK";"UN-ASIA"
"IN-KA";"Asia without China"
"IN-KA";"IAI Area 4&5, without China"
"IN-KA";"IN"
"IN-KA";"IN-Southern grid"
"IN-KA";"RAS"
"IN-KA";"SAS"
"IN-KA";"UN-ASIA"
"IN-KL";"Asia without China"
"IN-KL";"IAI Area 4&5, without China"
"IN-KL";"IN"
"IN-KL";"IN-Southern grid"
"IN-KL";"RAS"
"IN-KL";"SAS"
"IN-KL";"UN-ASIA"
"IN-LD";"Asia without China"
"IN-LD";"IAI Area 4&5, without China"
"IN-LD";"IN"
"IN-LD";"IN-Islands"
"IN-LD";"RAS"
"IN-LD";"SAS"
"IN-LD";"UN-ASIA"
"IN-MH";"Asia without China"
"IN-MH";"IAI Area 4&5, without China"
"IN-MH";"IN"
"IN-MH";"IN-Western grid"
"IN-MH";"RAS"
"IN-MH";"SAS"
"IN-MH";"UN-ASIA"
"IN-ML";"Asia without China"
"IN-ML";"IAI Area 4&5, without China"
"IN-ML";"IN"
"IN-ML";"IN-North-eastern grid"
"IN-ML";"RAS"
"IN-ML";"SAS"
"IN-ML";"UN-ASIA"
"IN-MN";"Asia without China"
"IN-MN";"IAI Area 4&5, without China"
"IN-MN";"IN"
"IN-MN";"IN-North-eastern grid"
"IN-MN";"RAS"
"IN-MN";"SAS"
"IN-MN";"UN-ASIA"
"IN-MP";"Asia without China"
"IN-MP";"IAI Area 4&5, without China"
"IN-MP";"IN"
"IN-MP";"IN-Western grid"
"IN-MP";"RAS"
"IN-MP";"SAS"
"IN-MP";"UN-ASIA"
"IN-MZ";"Asia without China"
"IN-MZ";"IAI Area 4&5, without China"
"IN-MZ";"IN"
"IN-MZ";"IN-North-eastern grid"
"IN-MZ";"RAS"
"IN-MZ";"SAS"
"IN-MZ";"UN-ASIA"
"IN-NL";"Asia without China"
"IN-NL";"IAI Area 4&5, without China"
"IN-NL";"IN"
"IN-NL";"IN-North-eastern grid"
"IN-NL";"RAS"
"IN-NL";"SAS"
"IN-NL";"UN-ASIA"
"IN-North-eastern grid";"Asia without China"
"IN-North-eastern grid";"IAI Area 4&5, without China"
"IN-North-eastern grid";"IN"
"IN-North-eastern grid";"RAS"
"IN-North-eastern grid";"SAS"
"IN-North-eastern grid";"UN-ASIA"
"IN-Northern grid";"Asia without China"
"IN-Northern grid";"IAI Area 4&5, without China"
"IN-Northern grid";"IN"
"IN-Northern grid";"RAS"
"IN-Northern grid";"SAS"
"IN-Northern grid";"UN-ASIA"
"IN-OR";"Asia without China"
"IN-OR";"IAI Area 4&5, without China"
"IN-OR";"IN"
"IN-OR";"IN-Eastern grid"
"IN-OR";"RAS"
"IN-OR";"SAS"
"IN-OR";"UN-ASIA"
"IN-PB";"Asia without China"
"IN-PB";"IAI Area 4&5, without China"
"IN-PB";"IN"
"IN-PB";"IN-Northern grid"
"IN-PB";"RAS"
"IN-PB";"SAS"
"IN-PB";"UN-ASIA"
"IN-PY";"Asia without China"
"IN-PY";"IAI Area 4&5, without China"
"IN-PY";"IN"
"IN-PY";"IN-Southern grid"
"IN-PY";"RAS"
"IN-PY";"SAS"
"IN-PY";"UN-ASIA"
"IN-RJ";"Asia without China"
"IN-RJ";"IAI Area 4&5, without China"
"IN-RJ";"IN"
"IN-RJ";"IN-Northern grid"
"IN-RJ";"RAS"
"IN-RJ";"SAS"
"IN-RJ";"UN-ASIA"
"IN-SK";"Asia without China"
"IN-SK";"IAI Area 4&5, without China"
"IN-SK";"IN"
"IN-SK";"IN-Eastern grid"
"IN-SK";"RAS"
"IN-SK";"SAS"
"IN-SK";"UN-ASIA"
"IN-Southern grid";"Asia without China"
"IN-Southern grid";"IAI Area 4&5, without China"
"IN-Southern grid";"IN"
"IN-Southern grid";"RAS"
"IN-Southern grid";"SAS"
"IN-Southern grid";"UN-ASIA"
"IN-TN";"Asia without China"
"IN-TN";"IAI Area 4&5, without China"
"IN-TN";"IN"
"IN-TN";"IN-Southern grid"
"IN-TN";"RAS"
"IN-TN";"SAS"
"IN-TN";"UN-ASIA"
"IN-TR";"Asia without China"
"IN-TR";"IAI Area 4&5, without China"
"IN-TR";"IN"
"IN-TR";"IN-North-eastern grid"
"IN-TR";"RAS"
"IN-TR";"SAS"
"IN-TR";"UN-ASIA"
"IN-UP";"Asia without China"
"IN-UP";"IAI Area 4&5, without China"
"IN-UP";"IN"
"IN-UP";"IN-Northern grid"
"IN-UP";"RAS"
"IN-UP";"SAS"
"IN-UP";"UN-ASIA"
"IN-UT";"Asia without China"
"IN-UT";"IAI Area 4&5, without China"
"IN-UT";"IN"
"IN-UT";"IN-Northern grid"
"IN-UT";"RAS"
"IN-UT";"SAS"
"IN-UT";"UN-ASIA"
"IN-WB";"Asia without China"
"IN-WB";"IAI Area 4&5, without China"
"IN-WB";"IN"
"IN-WB";"IN-Eastern grid"
"IN-WB";"RAS"
"IN-WB";"SAS"
"IN-WB";"UN-ASIA"
"IN-Western grid";"Asia without China"
"IN-Western grid";"IAI Area 4&5, without China"
"IN-Western grid";"IN"
"IN-Western grid";"RAS"
"IN-Western grid";"SAS"
"IN-Western grid";"UN-ASIA"
"IQ";"Asia without China"
"IQ";"RAS"
"IQ";"RME"
"IQ";"UN-ASIA"
"IQ";"UN-WASIA"
"IR";"Asia without China"
"IR";"IAI Area 4&5, without China"
"IR";"RAS"
"IR";"RME"
"IR";"SAS"
"IR";"UN-ASIA"
"IR";"UN-WASIA"
"IS";"ENTSO-E"
"IS";"Europe without Switzerland"
"IS";"Europe without Switzerland and France"
"IS";"Europe, without Russia and Turkey"
"IS";"IAI Area, EU27 & EFTA"
"IS";"RER"
"IS";"RER w/o AT+BE+CH+DE+FR+IT"
"IS";"RER w/o CH+DE"
"IS";"RER w/o DE+NL+NO"
"IS";"RER w/o DE+NL+NO+RU"
"IS";"RER w/o DE+NL+RU"
"IS";"UN-EUROPE"
"IS";"UN-NEUROPE"
"IT";"ENTSO-E"
"IT";"Europe without NORDEL (NCPA)"
"IT";"Europe without Switzerland"
"IT";"Europe without Switzerland and France"
"IT";"Europe, without Russia and Turkey"
"IT";"IAI Area, EU27 & EFTA"
"IT";"RER"
"IT";"RER w/o CH+DE"
"IT";"RER w/o DE+NL+NO"
"IT";"RER w/o DE+NL+NO+RU"
"IT";"RER w/o DE+NL+RU"
"IT";"UCTE"
"IT";"UCTE without France"
"IT";"UCTE without Germany"
"IT";"UCTE without Germany and France"
"IT";"UN-EUROPE"
"IT";"UN-SEUROPE"
"JE";"ENTSO-E"
"JE";"Europe without NORDEL (NCPA)"
"JE";"Europe without Switzerland"
"JE";"Europe without Switzerland and France"
"JE";"Europe, without Russia and Turkey"
"JE";"RER"
"JE";"RER w/o AT+BE+CH+DE+FR+IT"
"JE";"RER w/o CH+DE"
"JE";"RER w/o DE+NL+NO"
"JE";"RER w/o DE+NL+NO+RU"
"JE";"RER w/o DE+NL+RU"
"JE";"UN-EUROPE"
"JE";"UN-NEUROPE"
"JM";"RLA"
"JM";"UN-AMERICAS"
"JM";"UN-CARIBBEAN"
"JO";"Asia without China"
"JO";"RAS"
"JO";"UN-ASIA"
"JO";"UN-WASIA"
"JP";"Asia without China"
"JP";"IAI Area 4&5, without China"
"JP";"RAS"
"JP";"UN-ASIA"
"JP";"UN-EASIA"
"KE";"RAF"
"KE";"UN-EAFRICA"
"KG";"Asia without China"
"KG";"Central Asia"
"KG";"FSU"
"KG";"RAS"
"KG";"UN-ASIA"
"KH";"Asia without China"
"KH";"RAS"
"KH";"UN-ASIA"
"KH";"UN-SEASIA"
"KI";"UN-MICRONESIA"
"KI";"UN-OCEANIA"
"KM";"RAF"
"KM";"UN-EAFRICA"
"KN";"RLA"
"KN";"UN-AMERICAS"
"KN";"UN-CARIBBEAN"
"KP";"Asia without China"
"KP";"IAI Area 4&5, without China"
"KP";"RAS"
"KP";"UN-ASIA"
"KP";"UN-EASIA"
"KR";"Asia without China"
"KR";"RAS"
"KR";"UN-ASIA"
"KR";"UN-EASIA"
"KW";"Asia without China"
"KW";"RAS"
"KW";"RME"
"KW";"UN-ASIA"
"KW";"UN-WASIA"
"KY";"RLA"
"KY";"UN-AMERICAS"
"KY";"UN-CARIBBEAN"
"KZ";"Asia without China"
"KZ";"Central Asia"
"KZ";"FSU"
"KZ";"IAI Area 4&5, without China"
"KZ";"RAS"
"KZ";"UN-ASIA"
"LA";"Asia without China"
"LA";"RAS"
"LA";"UN-ASIA"
"LA";"UN-SEASIA"
"LB";"Asia without China"
"LB";"RAS"
"LB";"UN-ASIA"
"LB";"UN-WASIA"
"LC";"RLA"
"LC";"UN-AMERICAS"
"LC";"UN-CARIBBEAN"
"LI";"ENTSO-E"
"LI";"Europe without NORDEL (NCPA)"
"LI";"Europe without Switzerland"
"LI";"Europe without Switzerland and France"
"LI";"Europe, without Russia and Turkey"
"LI";"RER"
"LI";"RER w/o CH+DE"
"LI";"RER w/o DE+NL+NO"
"LI";"RER w/o DE+NL+NO+RU"
"LI";"RER w/o DE+NL+RU"
"LI";"UCTE"
"LI";"UCTE without France"
"LI";"UCTE without Germany"
"LI";"UCTE without Germany and France"
"LI";"UN-EUROPE"
"LI";"WEU"
"LK";"Asia without China"
"LK";"RAS"
"LK";"SAS"
"LK";"UN-ASIA"
"LR";"RAF"
"LR";"UN-WAFRICA"
"LS";"RAF"
"LS";"UN-SASIA"
"LT";"BALTSO"
"LT";"ENTSO-E"
"LT";"Europe without NORDEL (NCPA)"
"LT";"Europe without Switzerland"
"LT";"Europe without Switzerland and France"
"LT";"Europe, without Russia and Turkey"
"LT";"RER"
"LT";"RER w/o AT+BE+CH+DE+FR+IT"
"LT";"RER w/o CH+DE"
"LT";"RER w/o DE+NL+NO"
"LT";"RER w/o DE+NL+NO+RU"
"LT";"RER w/o DE+NL+RU"
"LT";"UN-EUROPE"
"LT";"UN-NEUROPE"
"LU";"ENTSO-E"
"LU";"Europe without NORDEL (NCPA)"
"LU";"Europe without Switzerland"
"LU";"Europe without Switzerland and France"
"LU";"Europe, without Russia and Turkey"
"LU";"RER"
"LU";"RER w/o AT+BE+CH+DE+FR+IT"
"LU";"RER w/o CH+DE"
"LU";"RER w/o DE+NL+NO"
"LU";"RER w/o DE+NL+NO+RU"
"LU";"RER w/o DE+NL+RU"
"LU";"UCTE"
"LU";"UCTE without France"
"LU";"UCTE without Germany"
"LU";"UCTE without Germany and France"
"LU";"UN-EUROPE"
"LU";"WEU"
"LV";"BALTSO"
"LV";"ENTSO-E"
"LV";"Europe without NORDEL (NCPA)"
"LV";"Europe without Switzerland"
"LV";"Europe without Switzerland and France"
"LV";"Europe, without Russia and Turkey"
"LV";"RER"
"LV";"RER w/o AT+BE+CH+DE+FR+IT"
"LV";"RER w/o CH+DE"
"LV";"RER w/o DE+NL+NO"
"LV";"RER w/o DE+NL+NO+RU"
"LV";"RER w/o DE+NL+RU"
"LV";"UN-EUROPE"
"LV";"UN-NEUROPE"
"LY";"RAF"
"LY";"UN-NAFRICA"
"MA";"RAF"
"MA";"UN-NAFRICA"
"MC";"ENTSO-E"
"MC";"Europe without NORDEL (NCPA)"
"MC";"Europe without Switzerland"
"MC";"Europe without Switzerland and France"
"MC";"Europe, without Russia and Turkey"
"MC";"RER"
"MC";"RER w/o CH+DE"
"MC";"RER w/o DE+NL+NO"
"MC";"RER w/o DE+NL+NO+RU"
"MC";"RER w/o DE+NL+RU"
"MC";"UCTE"
"MC";"UCTE without France"
"MC";"UCTE without Germany"
"MC";"UCTE without Germany and France"
"MC";"UN-EUROPE"
"MC";"WEU"
"MD";"Europe without NORDEL (NCPA)"
"MD";"Europe without Switzerland"
"MD";"Europe without Switzerland and France"
"MD";"Europe, without Russia and Turkey"
"MD";"FSU"
"MD";"RER"
"MD";"RER w/o AT+BE+CH+DE+FR+IT"
"MD";"RER w/o CH+DE"
"MD";"RER w/o DE+NL+NO"
"MD";"RER w/o DE+NL+NO+RU"
"MD";"RER w/o DE+NL+RU"
"MD";"UN-EEUROPE"
"MD";"UN-EUROPE"
"ME";"CS"
"ME";"ENTSO-E"
"ME";"Europe without NORDEL (NCPA)"
"ME";"Europe without Switzerland"
"ME";"Europe without Switzerland and France"
"ME";"Europe, without Russia and Turkey"
"ME";"IAI Area, Europe outside EU & EFTA"
"ME";"RER"
"ME";"RER w/o AT+BE+CH+DE+FR+IT"
"ME";"RER w/o CH+DE"
"ME";"RER w/o DE+NL+NO"
"ME";"RER w/o DE+NL+NO+RU"
"ME";"RER w/o DE+NL+RU"
"ME";"UCTE"
"ME";"UCTE without France"
"ME";"UCTE without Germany"
"ME";"UCTE without Germany and France"
"ME";"UN-EUROPE"
"ME";"UN-SEUROPE"
"MF";"RLA"
"MF";"UN-AMERICAS"
"MF";"UN-CARIBBEAN"
"MG";"RAF"
"MG";"UN-EAFRICA"
"MH";"UN-MICRONESIA"
"MH";"UN-OCEANIA"
"MK";"ENTSO-E"
"MK";"Europe without NORDEL (NCPA)"
"MK";"Europe without Switzerland"
"MK";"Europe without Switzerland and France"
"MK";"Europe, without Russia and Turkey"
"MK";"RER"
"MK";"RER w/o AT+BE+CH+DE+FR+IT"
"MK";"RER w/o CH+DE"
"MK";"RER w/o DE+NL+NO"
"MK";"RER w/o DE+NL+NO+RU"
"MK";"RER w/o DE+NL+RU"
"MK";"UCTE"
"MK";"UCTE without France"
"MK";"UCTE without Germany"
"MK";"UCTE without Germany and France"
"MK";"UN-EUROPE"
"MK";"UN-SEUROPE"
"ML";"RAF"
"ML";"UN-WAFRICA"
"MM";"Asia without China"
"MM";"RAS"
"MM";"UN-ASIA"
"MM";"UN-SEASIA"
"MN";"Asia without China"
"MN";"RAS"
"MN";"UN-ASIA"
"MN";"UN-EASIA"
"MP";"UN-MICRONESIA"
"MP";"UN-OCEANIA"
"MQ";"France, including overseas territories"
"MQ";"RLA"
"MQ";"UN-AMERICAS"
"MQ";"UN-CARIBBEAN"
"MR";"RAF"
"MR";"UN-WAFRICA"
"MRO";"IAI Area 2, North America"
"MRO";"IAI Area 2, without Quebec"
"MRO";"NAFTA"
"MRO";"RNA"
"MRO";"UN-AMERICAS"
"MRO, US only";"IAI Area 2, North America"
"MRO, US only";"IAI Area 2, without Quebec"
"MRO, US only";"MRO"
"MRO, US only";"NAFTA"
"MRO, US only";"RNA"
"MRO, US only";"UN-AMERICAS"
"MRO, US only";"US"
"MS";"RLA"
"MS";"UN-AMERICAS"
"MS";"UN-CARIBBEAN"
"MT";"ENTSO-E"
"MT";"Europe without NORDEL (NCPA)"
"MT";"Europe without Switzerland"
"MT";"Europe without Switzerland and France"
"MT";"Europe, without Russia and Turkey"
"MT";"RER"
"MT";"RER w/o AT+BE+CH+DE+FR+IT"
"MT";"RER w/o CH+DE"
"MT";"RER w/o DE+NL+NO"
"MT";"RER w/o DE+NL+NO+RU"
"MT";"RER w/o DE+NL+RU"
"MT";"UN-EUROPE"
"MT";"UN-SEUROPE"
"MU";"RAF"
"MU";"UN-EAFRICA"
"MV";"Asia without China"
"MV";"RAS"
"MV";"SAS"
"MV";"UN-ASIA"
"MW";"RAF"
"MW";"UN-EAFRICA"
"MX";"NAFTA"
"MX";"RLA"
"MX";"UN-AMERICAS"
"MX";"UN-CAMERICA"
"MY";"Asia without China"
"MY";"RAS"
"MY";"UN-ASIA"
"MY";"UN-SEASIA"
"MZ";"IAI Area 1, Africa"
"MZ";"RAF"
"MZ";"UN-EAFRICA"
"NA";"RAF"
"NA";"UN-SASIA"
"NC";"UN-MELANESIA"
"NC";"UN-OCEANIA"
"NE";"RAF"
"NE";"UN-WAFRICA"
"NF";"UN-AUSTRALIANZ"
"NF";"UN-OCEANIA"
"NG";"IAI Area 1, Africa"
"NG";"RAF"
"NG";"UN-WAFRICA"
"NI";"RLA"
"NI";"UN-AMERICAS"
"NI";"UN-CAMERICA"
"NL";"ENTSO-E"
"NL";"Europe without NORDEL (NCPA)"
"NL";"Europe without Switzerland"
"NL";"Europe without Switzerland and France"
"NL";"Europe, without Russia and Turkey"
"NL";"IAI Area, EU27 & EFTA"
"NL";"RER"
"NL";"RER w/o AT+BE+CH+DE+FR+IT"
"NL";"RER w/o CH+DE"
"NL";"UCTE"
"NL";"UCTE without France"
"NL";"UCTE without Germany"
"NL";"UCTE without Germany and France"
"NL";"UN-EUROPE"
"NL";"WEU"
"NO";"ENTSO-E"
"NO";"Europe without Switzerland"
"NO";"Europe without Switzerland and France"
"NO";"Europe, without Russia and Turkey"
"NO";"IAI Area, EU27 & EFTA"
"NO";"NORDEL"
"NO";"RER"
"NO";"RER w/o AT+BE+CH+DE+FR+IT"
"NO";"RER w/o CH+DE"
"NO";"RER w/o DE+NL+RU"
"NO";"UN-EUROPE"
"NO";"UN-NEUROPE"
"NORDEL";"ENTSO-E"
"NORDEL";"Europe without Switzerland"
"NORDEL";"Europe without Switzerland and France"
"NORDEL";"Europe, without Russia and Turkey"
"NORDEL";"RER"
"NORDEL";"RER w/o AT+BE+CH+DE+FR+IT"
"NORDEL";"RER w/o CH+DE"
"NORDEL";"RER w/o DE+NL+RU"
"NORDEL";"UN-EUROPE"
"NORDEL";"UN-NEUROPE"
"NP";"Asia without China"
"NP";"RAS"
"NP";"SAS"
"NP";"UN-ASIA"
"NPCC";"IAI Area 2, North America"
"NPCC";"NAFTA"
"NPCC";"RNA"
"NPCC";"UN-AMERICAS"
"NPCC, US only";"IAI Area 2, North America"
"NPCC, US only";"IAI Area 2, without Quebec"
"NPCC, US only";"NAFTA"
"NPCC, US only";"NPCC"
"NPCC, US only";"RNA"
"NPCC, US only";"UN-AMERICAS"
"NPCC, US only";"US"
"NR";"UN-MICRONESIA"
"NR";"UN-OCEANIA"
"NU";"UN-OCEANIA"
"NU";"UN-POLYNESIA"
"NZ";"UN-AUSTRALIANZ"
"NZ";"UN-OCEANIA"
"Northern Cyprus";"Asia without China"
"Northern Cyprus";"RAS"
"Northern Cyprus";"UN-ASIA"
"Northern Cyprus";"UN-WASIA"
"OM";"Asia without China"
"OM";"IAI Area 8, Gulf"
"OM";"RAS"
"OM";"UN-ASIA"
"OM";"UN-WASIA"
"PA";"RLA"
"PA";"UN-AMERICAS"
"PA";"UN-CAMERICA"
"PE";"RLA"
"PE";"UN-AMERICAS"
"PE";"UN-SAMERICA"
"PF";"UN-OCEANIA"
"PF";"UN-POLYNESIA"
"PG";"UN-MELANESIA"
"PG";"UN-OCEANIA"
"PH";"Asia without China"
"PH";"RAS"
"PH";"UN-ASIA"
"PH";"UN-SEASIA"
"PK";"Asia without China"
"PK";"RAS"
"PK";"SAS"
"PK";"UN-ASIA"
"PL";"CENTREL"
"PL";"ENTSO-E"
"PL";"Europe without NORDEL (NCPA)"
"PL";"Europe without Switzerland"
"PL";"Europe without Switzerland and France"
"PL";"Europe, without Russia and Turkey"
"PL";"RER"
"PL";"RER w/o AT+BE+CH+DE+FR+IT"
"PL";"RER w/o CH+DE"
"PL";"RER w/o DE+NL+NO"
"PL";"RER w/o DE+NL+NO+RU"
"PL";"RER w/o DE+NL+RU"
"PL";"UCTE"
"PL";"UCTE without France"
"PL";"UCTE without Germany"
"PL";"UCTE without Germany and France"
"PL";"UN-EEUROPE"
"PL";"UN-EUROPE"
"PM";"RNA"
"PM";"UN-AMERICAS"
"PR";"RLA"
"PR";"UN-AMERICAS"
"PR";"UN-CARIBBEAN"
"PS";"Asia without China"
"PS";"RAS"
"PS";"UN-ASIA"
"PS";"UN-WASIA"
"PT";"ENTSO-E"
"PT";"Europe without NORDEL (NCPA)"
"PT";"Europe without Switzerland"
"PT";"Europe without Switzerland and France"
"PT";"Europe, without Russia and Turkey"
"PT";"RER"
"PT";"RER w/o AT+BE+CH+DE+FR+IT"
"PT";"RER w/o CH+DE"
"PT";"RER w/o DE+NL+NO"
"PT";"RER w/o DE+NL+NO+RU"
"PT";"RER w/o DE+NL+RU"
"PT";"UCTE"
"PT";"UCTE without France"
"PT";"UCTE without Germany"
"PT";"UCTE without Germany and France"
"PT";"UN-EUROPE"
"PT";"UN-SEUROPE"
"PW";"UN-MICRONESIA"
"PW";"UN-OCEANIA"
"PY";"RLA"
"PY";"UN-AMERICAS"
"PY";"UN-SAMERICA"
"QA";"Asia without China"
"QA";"IAI Area 8, Gulf"
"QA";"RAS"
"QA";"UN-ASIA"
"QA";"UN-WASIA"
"QuÃ©bec, HQ distribution network";"CA"
"QuÃ©bec, HQ distribution network";"CA-QC"
"QuÃ©bec, HQ distribution network";"Canada without Alberta"
"QuÃ©bec, HQ distribution network";"IAI Area 2, North America"
"QuÃ©bec, HQ distribution network";"NAFTA"
"QuÃ©bec, HQ distribution network";"NPCC"
"QuÃ©bec, HQ distribution network";"RNA"
"QuÃ©bec, HQ distribution network";"UN-AMERICAS"
"RE";"France, including overseas territories"
"RE";"RAF"
"RE";"UN-EAFRICA"
"RER";"UN-EUROPE"
"RER w/o AT+BE+CH+DE+FR+IT";"Europe without Switzerland"
"RER w/o AT+BE+CH+DE+FR+IT";"Europe without Switzerland and France"
"RER w/o AT+BE+CH+DE+FR+IT";"RER"
"RER w/o AT+BE+CH+DE+FR+IT";"RER w/o CH+DE"
"RER w/o AT+BE+CH+DE+FR+IT";"UN-EUROPE"
"RER w/o CH+DE";"Europe without Switzerland"
"RER w/o CH+DE";"RER"
"RER w/o CH+DE";"UN-EUROPE"
"RER w/o DE+NL+NO";"Europe without Switzerland"
"RER w/o DE+NL+NO";"RER"
"RER w/o DE+NL+NO";"RER w/o CH+DE"
"RER w/o DE+NL+NO";"UN-EUROPE"
"RER w/o DE+NL+NO+RU";"Europe, without Russia and Turkey"
"RER w/o DE+NL+NO+RU";"RER"
"RER w/o DE+NL+NO+RU";"RER w/o DE+NL+RU"
"RER w/o DE+NL+NO+RU";"UN-EUROPE"
"RER w/o DE+NL+RU";"Europe, without Russia and Turkey"
"RER w/o DE+NL+RU";"RER"
"RER w/o DE+NL+RU";"UN-EUROPE"
"RFC";"IAI Area 2, North America"
"RFC";"IAI Area 2, without Quebec"
"RFC";"NAFTA"
"RFC";"RNA"
"RFC";"UN-AMERICAS"
"RFC";"US"
"RLA";"UN-AMERICAS"
"RME";"Asia without China"
"RME";"RAS"
"RME";"UN-ASIA"
"RME";"UN-WASIA"
"RO";"ENTSO-E"
"RO";"Europe without NORDEL (NCPA)"
"RO";"Europe without Switzerland"
"RO";"Europe without Switzerland and France"
"RO";"Europe, without Russia and Turkey"
"RO";"IAI Area, EU27 & EFTA"
"RO";"RER"
"RO";"RER w/o AT+BE+CH+DE+FR+IT"
"RO";"RER w/o CH+DE"
"RO";"RER w/o DE+NL+NO"
"RO";"RER w/o DE+NL+NO+RU"
"RO";"RER w/o DE+NL+RU"
"RO";"UCTE"
"RO";"UCTE without France"
"RO";"UCTE without Germany"
"RO";"UCTE without Germany and France"
"RO";"UN-EEUROPE"
"RO";"UN-EUROPE"
"RS";"CS"
"RS";"ENTSO-E"
"RS";"Europe without NORDEL (NCPA)"
"RS";"Europe without Switzerland"
"RS";"Europe without Switzerland and France"
"RS";"Europe, without Russia and Turkey"
"RS";"RER"
"RS";"RER w/o AT+BE+CH+DE+FR+IT"
"RS";"RER w/o CH+DE"
"RS";"RER w/o DE+NL+NO"
"RS";"RER w/o DE+NL+NO+RU"
"RS";"RER w/o DE+NL+RU"
"RS";"UCTE"
"RS";"UCTE without France"
"RS";"UCTE without Germany"
"RS";"UCTE without Germany and France"
"RS";"UN-EUROPE"
"RS";"UN-SEUROPE"
"RU";"FSU"
"RU";"IAI Area, Europe outside EU & EFTA"
"RU";"UN-EEUROPE"
"RU";"UN-EUROPE"
"RW";"RAF"
"RW";"UN-EAFRICA"
"Russia (Asia)";"Asia without China"
"Russia (Asia)";"FSU"
"Russia (Asia)";"IAI Area, Europe outside EU & EFTA"
"Russia (Asia)";"RAS"
"Russia (Asia)";"RU"
"Russia (Asia)";"UN-EEUROPE"
"Russia (Asia)";"UN-EUROPE"
"Russia (Europe)";"Europe without NORDEL (NCPA)"
"Russia (Europe)";"Europe without Switzerland"
"Russia (Europe)";"Europe without Switzerland and France"
"Russia (Europe)";"FSU"
"Russia (Europe)";"IAI Area, Europe outside EU & EFTA"
"Russia (Europe)";"RER"
"Russia (Europe)";"RER w/o AT+BE+CH+DE+FR+IT"
"Russia (Europe)";"RER w/o CH+DE"
"Russia (Europe)";"RER w/o DE+NL+NO"
"Russia (Europe)";"RU"
"Russia (Europe)";"UN-EEUROPE"
"Russia (Europe)";"UN-EUROPE"
"SA";"Asia without China"
"SA";"RAS"
"SA";"RME"
"SA";"UN-ASIA"
"SA";"UN-WASIA"
"SAS";"Asia without China"
"SAS";"RAS"
"SAS";"UN-ASIA"
"SB";"UN-MELANESIA"
"SB";"UN-OCEANIA"
"SC";"RAF"
"SC";"UN-EAFRICA"
"SD";"RAF"
"SD";"UN-NAFRICA"
"SE";"ENTSO-E"
"SE";"Europe without Switzerland"
"SE";"Europe without Switzerland and France"
"SE";"Europe, without Russia and Turkey"
"SE";"IAI Area, EU27 & EFTA"
"SE";"NORDEL"
"SE";"RER"
"SE";"RER w/o AT+BE+CH+DE+FR+IT"
"SE";"RER w/o CH+DE"
"SE";"RER w/o DE+NL+NO"
"SE";"RER w/o DE+NL+NO+RU"
"SE";"RER w/o DE+NL+RU"
"SE";"UN-EUROPE"
"SE";"UN-NEUROPE"
"SERC";"IAI Area 2, North America"
"SERC";"IAI Area 2, without Quebec"
"SERC";"NAFTA"
"SERC";"RNA"
"SERC";"UN-AMERICAS"
"SERC";"US"
"SG";"Asia without China"
"SG";"RAS"
"SG";"UN-ASIA"
"SG";"UN-SEASIA"
"SGCC";"CN"
"SGCC";"RAS"
"SGCC";"UN-ASIA"
"SGCC";"UN-EASIA"
"SH";"RAF"
"SH";"UN-WAFRICA"
"SI";"ENTSO-E"
"SI";"Europe without NORDEL (NCPA)"
"SI";"Europe without Switzerland"
"SI";"Europe without Switzerland and France"
"SI";"Europe, without Russia and Turkey"
"SI";"IAI Area, EU27 & EFTA"
"SI";"RER"
"SI";"RER w/o AT+BE+CH+DE+FR+IT"
"SI";"RER w/o CH+DE"
"SI";"RER w/o DE+NL+NO"
"SI";"RER w/o DE+NL+NO+RU"
"SI";"RER w/o DE+NL+RU"
"SI";"UCTE"
"SI";"UCTE without France"
"SI";"UCTE without Germany"
"SI";"UCTE without Germany and France"
"SI";"UN-EUROPE"
"SI";"UN-SEUROPE"
"SJ";"ENTSO-E"
"SJ";"Europe without Switzerland"
"SJ";"Europe without Switzerland and France"
"SJ";"Europe, without Russia and Turkey"
"SJ";"IAI Area, EU27 & EFTA"
"SJ";"NO"
"SJ";"NORDEL"
"SJ";"RER"
"SJ";"RER w/o AT+BE+CH+DE+FR+IT"
"SJ";"RER w/o CH+DE"
"SJ";"RER w/o DE+NL+RU"
"SJ";"UN-EUROPE"
"SJ";"UN-NEUROPE"
"SK";"CENTREL"
"SK";"ENTSO-E"
"SK";"Europe without NORDEL (NCPA)"
"SK";"Europe without Switzerland"
"SK";"Europe without Switzerland and France"
"SK";"Europe, without Russia and Turkey"
"SK";"IAI Area, EU27 & EFTA"
"SK";"RER"
"SK";"RER w/o AT+BE+CH+DE+FR+IT"
"SK";"RER w/o CH+DE"
"SK";"RER w/o DE+NL+NO"
"SK";"RER w/o DE+NL+NO+RU"
"SK";"RER w/o DE+NL+RU"
"SK";"UCTE"
"SK";"UCTE without France"
"SK";"UCTE without Germany"
"SK";"UCTE without Germany and France"
"SK";"UN-EEUROPE"
"SK";"UN-EUROPE"
"SL";"RAF"
"SL";"UN-WAFRICA"
"SM";"ENTSO-E"
"SM";"Europe without NORDEL (NCPA)"
"SM";"Europe without Switzerland"
"SM";"Europe without Switzerland and France"
"SM";"Europe, without Russia and Turkey"
"SM";"RER"
"SM";"RER w/o CH+DE"
"SM";"RER w/o DE+NL+NO"
"SM";"RER w/o DE+NL+NO+RU"
"SM";"RER w/o DE+NL+RU"
"SM";"UCTE"
"SM";"UCTE without France"
"SM";"UCTE without Germany"
"SM";"UCTE without Germany and France"
"SM";"UN-EUROPE"
"SM";"UN-SEUROPE"
"SN";"RAF"
"SN";"UN-WAFRICA"
"SO";"RAF"
"SO";"UN-EAFRICA"
"SPP";"IAI Area 2, North America"
"SPP";"IAI Area 2, without Quebec"
"SPP";"NAFTA"
"SPP";"RNA"
"SPP";"UN-AMERICAS"
"SPP";"US"
"SR";"RLA"
"SR";"UN-AMERICAS"
"SR";"UN-SAMERICA"
"SS";"RAF"
"SS";"UN-EAFRICA"
"ST";"RAF"
"ST";"UN-MAFRICA"
"SV";"RLA"
"SV";"UN-AMERICAS"
"SV";"UN-CAMERICA"
"SX";"RLA"
"SX";"UN-AMERICAS"
"SX";"UN-CARIBBEAN"
"SY";"Asia without China"
"SY";"RAS"
"SY";"UN-ASIA"
"SY";"UN-WASIA"
"SZ";"RAF"
"SZ";"UN-SASIA"
"Siachen Glacier";"Asia without China"
"Siachen Glacier";"IAI Area 4&5, without China"
"Siachen Glacier";"RAS"
"Siachen Glacier";"SAS"
"Siachen Glacier";"UN-ASIA"
"Somaliland";"RAF"
"Somaliland";"UN-EAFRICA"
"TC";"RLA"
"TC";"UN-AMERICAS"
"TC";"UN-CARIBBEAN"
"TD";"RAF"
"TD";"UN-MAFRICA"
"TG";"RAF"
"TG";"UN-WAFRICA"
"TH";"Asia without China"
"TH";"RAS"
"TH";"UN-ASIA"
"TH";"UN-SEASIA"
"TJ";"Asia without China"
"TJ";"Central Asia"
"TJ";"FSU"
"TJ";"IAI Area 4&5, without China"
"TJ";"RAS"
"TJ";"UN-ASIA"
"TK";"NZ"
"TK";"UN-AUSTRALIANZ"
"TK";"UN-OCEANIA"
"TL";"Asia without China"
"TL";"RAS"
"TL";"UN-ASIA"
"TL";"UN-SEASIA"
"TM";"Asia without China"
"TM";"Central Asia"
"TM";"RAS"
"TM";"UN-ASIA"
"TN";"RAF"
"TN";"UN-NAFRICA"
"TO";"UN-OCEANIA"
"TO";"UN-POLYNESIA"
"TR";"Asia without China"
"TR";"IAI Area 4&5, without China"
"TR";"RAS"
"TR";"UN-ASIA"
"TR";"UN-WASIA"
"TRE";"IAI Area 2, North America"
"TRE";"IAI Area 2, without Quebec"
"TRE";"NAFTA"
"TRE";"RNA"
"TRE";"UN-AMERICAS"
"TRE";"US"
"TT";"RLA"
"TT";"UN-AMERICAS"
"TT";"UN-CARIBBEAN"
"TV";"UN-OCEANIA"
"TV";"UN-POLYNESIA"
"TW";"Asia without China"
"TW";"RAS"
"TW";"UN-ASIA"
"TW";"UN-EASIA"
"TZ";"RAF"
"TZ";"UN-EAFRICA"
"UA";"Europe without NORDEL (NCPA)"
"UA";"Europe without Switzerland"
"UA";"Europe without Switzerland and France"
"UA";"Europe, without Russia and Turkey"
"UA";"RER"
"UA";"RER w/o AT+BE+CH+DE+FR+IT"
"UA";"RER w/o CH+DE"
"UA";"RER w/o DE+NL+NO"
"UA";"RER w/o DE+NL+NO+RU"
"UA";"RER w/o DE+NL+RU"
"UA";"UN-EEUROPE"
"UA";"UN-EUROPE"
"UCTE";"ENTSO-E"
"UCTE";"Europe without NORDEL (NCPA)"
"UCTE";"Europe, without Russia and Turkey"
"UCTE";"RER"
"UCTE";"UN-EUROPE"
"UCTE without France";"ENTSO-E"
"UCTE without France";"Europe without NORDEL (NCPA)"
"UCTE without France";"Europe, without Russia and Turkey"
"UCTE without France";"RER"
"UCTE without France";"UCTE"
"UCTE without France";"UN-EUROPE"
"UCTE without Germany";"ENTSO-E"
"UCTE without Germany";"Europe without NORDEL (NCPA)"
"UCTE without Germany";"Europe, without Russia and Turkey"
"UCTE without Germany";"RER"
"UCTE without Germany";"UCTE"
"UCTE without Germany";"UN-EUROPE"
"UCTE without Germany and France";"ENTSO-E"
"UCTE without Germany and France";"Europe without NORDEL (NCPA)"
"UCTE without Germany and France";"Europe, without Russia and Turkey"
"UCTE without Germany and France";"RER"
"UCTE without Germany and France";"UCTE"
"UCTE without Germany and France";"UCTE without France"
"UCTE without Germany and France";"UCTE without Germany"
"UCTE without Germany and France";"UN-EUROPE"
"UG";"RAF"
"UG";"UN-EAFRICA"
"UN-ASIA";"RAS"
"UN-AUSTRALIANZ";"UN-OCEANIA"
"UN-CAMERICA";"RLA"
"UN-CAMERICA";"UN-AMERICAS"
"UN-CARIBBEAN";"RLA"
"UN-CARIBBEAN";"UN-AMERICAS"
"UN-EAFRICA";"RAF"
"UN-EASIA";"RAS"
"UN-EASIA";"UN-ASIA"
"UN-EEUROPE";"UN-EUROPE"
"UN-MAFRICA";"RAF"
"UN-MELANESIA";"UN-OCEANIA"
"UN-MICRONESIA";"UN-OCEANIA"
"UN-NAFRICA";"RAF"
"UN-NEUROPE";"ENTSO-E"
"UN-NEUROPE";"Europe without Switzerland"
"UN-NEUROPE";"Europe without Switzerland and France"
"UN-NEUROPE";"Europe, without Russia and Turkey"
"UN-NEUROPE";"RER"
"UN-NEUROPE";"RER w/o AT+BE+CH+DE+FR+IT"
"UN-NEUROPE";"RER w/o CH+DE"
"UN-NEUROPE";"RER w/o DE+NL+RU"
"UN-NEUROPE";"UN-EUROPE"
"UN-SAMERICA";"RLA"
"UN-SAMERICA";"UN-AMERICAS"
"UN-SASIA";"RAF"
"UN-SEASIA";"Asia without China"
"UN-SEASIA";"RAS"
"UN-SEASIA";"UN-ASIA"
"UN-SEUROPE";"Europe without NORDEL (NCPA)"
"UN-SEUROPE";"Europe without Switzerland"
"UN-SEUROPE";"Europe without Switzerland and France"
"UN-SEUROPE";"Europe, without Russia and Turkey"
"UN-SEUROPE";"RER"
"UN-SEUROPE";"RER w/o CH+DE"
"UN-SEUROPE";"RER w/o DE+NL+NO"
"UN-SEUROPE";"RER w/o DE+NL+NO+RU"
"UN-SEUROPE";"RER w/o DE+NL+RU"
"UN-SEUROPE";"UN-EUROPE"
"UN-WAFRICA";"RAF"
"UN-WASIA";"Asia without China"
"UN-WASIA";"RAS"
"UN-WASIA";"UN-ASIA"
"US";"IAI Area 2, North America"
"US";"IAI Area 2, without Quebec"
"US";"NAFTA"
"US";"RNA"
"US";"UN-AMERICAS"
"UY";"RLA"
"UY";"UN-AMERICAS"
"UY";"UN-SAMERICA"
"UZ";"Asia without China"
"UZ";"Central Asia"
"UZ";"FSU"
"UZ";"RAS"
"UZ";"UN-ASIA"
"VA";"ENTSO-E"
"VA";"Europe without NORDEL (NCPA)"
"VA";"Europe without Switzerland"
"VA";"Europe without Switzerland and France"
"VA";"Europe, without Russia and Turkey"
"VA";"RER"
"VA";"RER w/o CH+DE"
"VA";"RER w/o DE+NL+NO"
"VA";"RER w/o DE+NL+NO+RU"
"VA";"RER w/o DE+NL+RU"
"VA";"UCTE"
"VA";"UCTE without France"
"VA";"UCTE without Germany"
"VA";"UCTE without Germany and France"
"VA";"UN-EUROPE"
"VA";"UN-SEUROPE"
"VC";"RLA"
"VC";"UN-AMERICAS"
"VC";"UN-CARIBBEAN"
"VE";"IAI Area 3, South America"
"VE";"RLA"
"VE";"UN-AMERICAS"
"VE";"UN-SAMERICA"
"VG";"RLA"
"VG";"UN-AMERICAS"
"VG";"UN-CARIBBEAN"
"VI";"RLA"
"VI";"UN-AMERICAS"
"VI";"UN-CARIBBEAN"
"VN";"Asia without China"
"VN";"RAS"
"VN";"UN-ASIA"
"VN";"UN-SEASIA"
"VU";"UN-MELANESIA"
"VU";"UN-OCEANIA"
"WECC";"IAI Area 2, North America"
"WECC";"IAI Area 2, without Quebec"
"WECC";"NAFTA"
"WECC";"RNA"
"WECC";"UN-AMERICAS"
"WECC, US only";"IAI Area 2, North America"
"WECC, US only";"IAI Area 2, without Quebec"
"WECC, US only";"NAFTA"
"WECC, US only";"RNA"
"WECC, US only";"UN-AMERICAS"
"WECC, US only";"US"
"WECC, US only";"WECC"
"WEU";"ENTSO-E"
"WEU";"Europe without NORDEL (NCPA)"
"WEU";"Europe, without Russia and Turkey"
"WEU";"RER"
"WEU";"UCTE"
"WEU";"UN-EUROPE"
"WS";"UN-OCEANIA"
"WS";"UN-POLYNESIA"
"XK";"ENTSO-E"
"XK";"Europe without NORDEL (NCPA)"
"XK";"Europe without Switzerland"
"XK";"Europe without Switzerland and France"
"XK";"Europe, without Russia and Turkey"
"XK";"RER"
"XK";"RER w/o AT+BE+CH+DE+FR+IT"
"XK";"RER w/o CH+DE"
"XK";"RER w/o DE+NL+NO"
"XK";"RER w/o DE+NL+NO+RU"
"XK";"RER w/o DE+NL+RU"
"XK";"UCTE"
"XK";"UCTE without France"
"XK";"UCTE without Germany"
"XK";"UCTE without Germany and France"
"XK";"UN-EUROPE"
"XK";"UN-SEUROPE"
"YE";"Asia without China"
"YE";"RAS"
"YE";"UN-ASIA"
"YE";"UN-WASIA"
"YT";"France, including overseas territories"
"YT";"RAF"
"YT";"UN-EAFRICA"
"ZA";"IAI Area 1, Africa"
"ZA";"RAF"
"ZA";"UN-SASIA"
"ZM";"RAF"
"ZM";"UN-EAFRICA"
"ZW";"RAF"
"ZW";"UN-EAFRICA"
